{
	"capabilities":
	[
		{
			"browserName":"firefox",
			"maxInstances": 10,
			"seleniumProtocol": "WebDriver"
		},
		{
			"browserName":"chrome",
			"maxInstances": 10,
			"seleniumProtocol": "WebDriver"
		},
		{
			"browserName":"internet explorer",
			"maxInstances": 5,
			"seleniumProtocol": "WebDriver"
		}
	],
	"configuration":
	{
		"maxSession": 5,
		"port": 5555,
		"register": true,
		"registerCycle": 5000,
		"hubHost": "grid.EXAMPLE.co.uk",
		"hubPort": 4444
	}
}